record_id,year,problem,aggregation_key,paper_id,award_group,file_path,extension,size_bytes,sha256,detected_format,format_status,naming_flags
paper:2020:C:C20102470319,2020,C,2020-C,C20102470319,excellent_paper,papers/excellent_papers/2020年优秀论文/C/C20102470319.pdf,pdf,2078602,b9a7b5bc5b120cd049989e7d0d39220440e07d7099c222a6ae64d6063a30d0d6,PDF,ok,
paper:2020:C:C20102480095,2020,C,2020-C,C20102480095,excellent_paper,papers/excellent_papers/2020年优秀论文/C/C20102480095.pdf,pdf,7429224,c3025cfc39f914d3cb17aea504050fcd9bd7f803cc80bd188bf85907c26d9605,PDF,ok,
paper:2020:C:C20102520034,2020,C,2020-C,C20102520034,excellent_paper,papers/excellent_papers/2020年优秀论文/C/C20102520034.pdf,pdf,1817476,d4a5dacf088e36136256bc3231dcc1fca69ae167c6995502db845e9f7fe66524,PDF,ok,
paper:2020:C:C20102840089,2020,C,2020-C,C20102840089,excellent_paper,papers/excellent_papers/2020年优秀论文/C/C20102840089.pdf,pdf,5649767,6566661abc3c5fd5ecf2cf2d91fad45c4e94c052c7afedb6efa7ca6ddee53cfd,PDF,ok,
paper:2020:C:C20102860127,2020,C,2020-C,C20102860127,excellent_paper,papers/excellent_papers/2020年优秀论文/C/C20102860127.pdf,pdf,3259660,2ebd5d8d26b194213bd2690e2814703fb5fb9033c5d4a8e6f4ea9969aeb18d89,PDF,ok,
paper:2020:C:C20106980009,2020,C,2020-C,C20106980009,excellent_paper,papers/excellent_papers/2020年优秀论文/C/C20106980009.pdf,pdf,3441245,325b0e7a9a2c9c4f5ba3207b00dcce08570e03a5cb4403181290f50598ff4672,PDF,ok,
paper:2020:D:D20102470005,2020,D,2020-D,D20102470005,excellent_paper,papers/excellent_papers/2020年优秀论文/D/D20102470005.pdf,pdf,1946816,c5320154f657c3935d43425587d456c9859486422cec7d927eb959f5399e3156,PDF,ok,
paper:2020:D:D20102690110,2020,D,2020-D,D20102690110,excellent_paper,papers/excellent_papers/2020年优秀论文/D/D20102690110.pdf,pdf,3376202,51afbb2ee4dc0db9f6ec592ec0bf7e2cd1371bb4b0d96eac82b448fdd3e473fc,PDF,ok,
paper:2020:D:D20102860223,2020,D,2020-D,D20102860223,excellent_paper,papers/excellent_papers/2020年优秀论文/D/D20102860223.pdf,pdf,2532346,f741e8a326bd34fc985af6efaeb7600ff10bee014c7f590d0d9426d05997c79f,PDF,ok,
paper:2020:D:D20107010019,2020,D,2020-D,D20107010019,excellent_paper,papers/excellent_papers/2020年优秀论文/D/D20107010019.pdf,pdf,1803746,a294ff190840fdcb34b6b5a12a21942275b9a3ff6da1a804b74408425b166691,PDF,ok,
paper:2020:D:D20910240043,2020,D,2020-D,D20910240043,excellent_paper,papers/excellent_papers/2020年优秀论文/D/D20910240043.pdf,pdf,2881993,1a79b2395a7c8564bf2d038c44fab9499ce30178c69d767a711467ac27ba8f21,PDF,ok,
paper:2020:D:D20910240065,2020,D,2020-D,D20910240065,excellent_paper,papers/excellent_papers/2020年优秀论文/D/D20910240065.pdf,pdf,1528138,d8bbde5f3f88866e4f19699c13fa23da55ce4bef7e340f82bfa82f84d9bd4f6c,PDF,ok,
paper:2020:E:E20102690219,2020,E,2020-E,E20102690219,excellent_paper,papers/excellent_papers/2020年优秀论文/E/E20102690219.pdf,pdf,9092059,86320c72eee35afd672e50f01f8bf90441b4fb6388ea07e79a3b1be6fb1d5480,PDF,ok,
paper:2020:E:E20104250114,2020,E,2020-E,E20104250114,excellent_paper,papers/excellent_papers/2020年优秀论文/E/E20104250114.pdf,pdf,3590593,c9ba1a0533442ec5b3ab8ad04c46314243c16705935e90dc10293df321045924,PDF,ok,
paper:2020:E:E20104590039,2020,E,2020-E,E20104590039,excellent_paper,papers/excellent_papers/2020年优秀论文/E/E20104590039.pdf,pdf,2438639,05113d1f837ce617fa73b0f9953740425b49f29889d47e50b62606bd7b5042dd,PDF,ok,
paper:2020:E:E20104590100,2020,E,2020-E,E20104590100,excellent_paper,papers/excellent_papers/2020年优秀论文/E/E20104590100.pdf,pdf,2459850,24ec704d8c60687a75fb84baece7c70dd4bb766aa164867c27a02df4779cdead,PDF,ok,
paper:2020:E:E20112870005,2020,E,2020-E,E20112870005,excellent_paper,papers/excellent_papers/2020年优秀论文/E/E20112870005.pdf,pdf,8612735,e3cfc6ec1809ea1a17d36a327b3efb765a9ff647fc3e0f575cd822aeffa7a9e2,PDF,ok,
paper:2020:E:E20114820008,2020,E,2020-E,E20114820008,excellent_paper,papers/excellent_papers/2020年优秀论文/E/E20114820008.pdf,pdf,3499662,805528b2e142c0c78eaee3d03af7668fcfcb7dc455fcf45d58df72e9d7051b48,PDF,ok,
paper:2021:C:C21100560011,2021,C,2021-C,C21100560011,excellent_paper,papers/excellent_papers/2021年优秀论文/C/C21100560011.pdf,pdf,4065598,a67de366bdc30a1ad0644b4cae11a8e60b9cb6d7e1dfb2b6deb435006b267017,PDF,ok,
paper:2021:C:C21102470060,2021,C,2021-C,C21102470060,excellent_paper,papers/excellent_papers/2021年优秀论文/C/C21102470060.pdf,pdf,7958747,9e463fdadba47c8358ede3d27d4d8e1abef450c3dec2ff9fc1b5ce37b9fc2115,PDF,ok,
paper:2021:C:C21102920013,2021,C,2021-C,C21102920013,excellent_paper,papers/excellent_papers/2021年优秀论文/C/C21102920013.pdf,pdf,2013693,c1465dc157c4525865cca0843fd9b056e764355777f018f87c9533c6e3eff420,PDF,ok,
paper:2021:C:C21102920019,2021,C,2021-C,C21102920019,excellent_paper,papers/excellent_papers/2021年优秀论文/C/C21102920019.pdf,pdf,3040675,b4fe907bc3f4ab290f10d3998c2273434db37be34846be3df227327f00e424bd,PDF,ok,
paper:2021:C:C21106980211,2021,C,2021-C,C21106980211,excellent_paper,papers/excellent_papers/2021年优秀论文/C/C21106980211.pdf,pdf,5131674,077ee46748d22e4c7e5c3dace44dedd36c8d38ef40c9380d53e27839270cc827,PDF,ok,
paper:2021:D:D21101080006,2021,D,2021-D,D21101080006,excellent_paper,papers/excellent_papers/2021年优秀论文/D/D21101080006.pdf,pdf,4574826,f9ac7ba22b06ee6d84a6f10b32a8b973c99feb57d789069b9018cf6835fbbf76,PDF,ok,
paper:2021:D:D21102700119,2021,D,2021-D,D21102700119,excellent_paper,papers/excellent_papers/2021年优秀论文/D/D21102700119.pdf,pdf,2867535,0355de2dacb187522ace7c5d858d6db08427d693f9a42319a794ab8f5757f391,PDF,ok,
paper:2021:D:D21102980066,2021,D,2021-D,D21102980066,excellent_paper,papers/excellent_papers/2021年优秀论文/D/D21102980066.pdf,pdf,2285130,030d464446526c366370b53b90058dd6d69cd43f9e9250e8f4bf8f1a6e9a1bcc,PDF,ok,
paper:2021:D:D21104860088,2021,D,2021-D,D21104860088,excellent_paper,papers/excellent_papers/2021年优秀论文/D/D21104860088.pdf,pdf,4428007,6adc2185fdcee00276ce0b4e61bbe4bb5c97cb1cec579d9cc33c199d1715a8b0,PDF,ok,
paper:2021:D:D21116460003,2021,D,2021-D,D21116460003,excellent_paper,papers/excellent_papers/2021年优秀论文/D/D21116460003.pdf,pdf,36432944,322ec9baf97abad7f1db721b48bc2bc9eb2aacb85d87718a6b8550f893f9c246,PDF,ok,
paper:2021:E:E21100030005,2021,E,2021-E,E21100030005,excellent_paper,papers/excellent_papers/2021年优秀论文/E/E21100030005.pdf,pdf,9026585,34f1734cd05c8de57a39796381a0a77a59bc98b6c8d32512244d96991558b6d6,PDF,ok,
paper:2021:E:E21103860006,2021,E,2021-E,E21103860006,excellent_paper,papers/excellent_papers/2021年优秀论文/E/E21103860006.pdf,pdf,3440753,70ab97e8463e68998419304d722176dc459b984cbdfac7c8860ad076af01ab51,PDF,ok,
paper:2021:E:E21104080004,2021,E,2021-E,E21104080004,excellent_paper,papers/excellent_papers/2021年优秀论文/E/E21104080004.pdf,pdf,2472355,866534c9a8c48d6ef97f20d54b19e1d8a7990d3df5240fb80268de1a9ef44151,PDF,ok,
paper:2021:E:E21105330243,2021,E,2021-E,E21105330243,excellent_paper,papers/excellent_papers/2021年优秀论文/E/E21105330243.pdf,pdf,2483420,1ab32070017d510c88cd01596d11775215076e2fca3814f3e49fa4e909a8a68b,PDF,ok,
paper:2021:E:E21832010024,2021,E,2021-E,E21832010024,excellent_paper,papers/excellent_papers/2021年优秀论文/E/E21832010024.pdf,pdf,3363409,de4f8276b314120edf0d6b2bae6bacf0570e83a3acca5089f66fa5fc553d417c,PDF,ok,
paper:2021:C:C21102860153,2021,C,2021-C,C21102860153,star_nominee,papers/excellent_papers/2021年优秀论文/获数模之星提名奖/C21102860153.pdf,pdf,4204047,81d879f048b16605c3eae77113095f1f8b33fbb2b1229193ae0338c6c28a69ee,PDF,ok,
paper:2021:C:C21104240047,2021,C,2021-C,C21104240047,star_nominee,papers/excellent_papers/2021年优秀论文/获数模之星提名奖/C21104240047.pdf,pdf,2814307,46e34e5c1a240356aa7f51458b95b037d85793d53b85cf0a1f8ad03522124c11,PDF,ok,
paper:2021:D:D21102800176,2021,D,2021-D,D21102800176,star_nominee,papers/excellent_papers/2021年优秀论文/获数模之星提名奖/D21102800176.pdf,pdf,6628129,f2ebfff348d4f8fecb5e6d7da00976eca2a1abbc6e4a17f506e1f5d2da00624f,PDF,ok,
paper:2021:D:D21103000002,2021,D,2021-D,D21103000002,star_nominee,papers/excellent_papers/2021年优秀论文/获数模之星提名奖/D21103000002.pdf,pdf,4093649,7b24dd86646cbdd48ce61d647602c40e3e58f98408d1b3bb454b21b11cb3b84e,PDF,ok,
paper:2021:E:E21103860005,2021,E,2021-E,E21103860005,star_nominee,papers/excellent_papers/2021年优秀论文/获数模之星提名奖/E21103860005.pdf,pdf,1898977,c05b8131f46d12efc842151f5e29ab16c3b723c017aa3ac785b34a6191daa394,PDF,ok,
paper:2021:E:E21104870136,2021,E,2021-E,E21104870136,star_nominee,papers/excellent_papers/2021年优秀论文/获数模之星提名奖/E21104870136.pdf,pdf,2429092,3a20e5cc482dc025afec8052675a30108e240793debf56d404a38a1f4e9094cf,PDF,ok,
paper:2022:C:C22103190082,2022,C,2022-C,C22103190082,excellent_paper,papers/excellent_papers/2022年优秀论文/C/C22103190082.pdf,pdf,2370799,a8df9e907b826b01a2c5dc7c1176b6e58dc0e92c70db183e8e56d2ba37719d5c,PDF,ok,
paper:2022:C:C22103360057,2022,C,2022-C,C22103360057,excellent_paper,papers/excellent_papers/2022年优秀论文/C/C22103360057.pdf,pdf,2146131,5837d7d5283d8cca31b171d3b97144e8b9945f3b059acd7bd0fd5d69421aeca7,PDF,ok,
paper:2022:C:C22103560098,2022,C,2022-C,C22103560098,excellent_paper,papers/excellent_papers/2022年优秀论文/C/C22103560098.pdf,pdf,1094236,560712b8aa46dc0b22c62a9de6f6961527e31d403ab921fc37f19db582bfa53b,PDF,ok,
paper:2022:C:C22105330245,2022,C,2022-C,C22105330245,excellent_paper,papers/excellent_papers/2022年优秀论文/C/C22105330245.pdf,pdf,2581721,c109ebf5fa9c8ebe5bf0a4c5afffb1d1a1b469a57f1c99b70cd2ee7809252f76,PDF,ok,
paper:2022:C:C22105930028,2022,C,2022-C,C22105930028,excellent_paper,papers/excellent_papers/2022年优秀论文/C/C22105930028.pdf,pdf,978801,8b44b3955a1d70bd8da21b5a5e0eec8cc4cd2e28295133b8d93262c8d0c6acde,PDF,ok,
paper:2022:C:C22106130232,2022,C,2022-C,C22106130232,excellent_paper,papers/excellent_papers/2022年优秀论文/C/C22106130232.pdf,pdf,1916405,050ba3aea273df80fbb7e1fec30cf98a9e05483115c3588cad5bb2129c33f6ae,PDF,ok,
paper:2022:C:C22106140003,2022,C,2022-C,C22106140003,excellent_paper,papers/excellent_papers/2022年优秀论文/C/C22106140003.pdf,pdf,1519988,5fa92336a1b190ea466679f9d286761aa8b3f9e69d6894e9bb2849890b6d76c3,PDF,ok,
paper:2022:D:D22102920026,2022,D,2022-D,D22102920026,excellent_paper,papers/excellent_papers/2022年优秀论文/D/D22102920026.pdf,pdf,1472009,e1e8632f2e10f0aeceeb759a2ad185f2e9e3cd0da49979a2d7f3c0e63e757dba,PDF,ok,
paper:2022:D:D22102930009,2022,D,2022-D,D22102930009,excellent_paper,papers/excellent_papers/2022年优秀论文/D/D22102930009.pdf,pdf,2148989,7dcd04bc43998ae2809ebf5ee4aee6cf46787ad43da050c3175321ad09ddd4ce,PDF,ok,
paper:2022:D:D22103360092,2022,D,2022-D,D22103360092,excellent_paper,papers/excellent_papers/2022年优秀论文/D/D22103360092.pdf,pdf,1601579,8d7c36f66d10ffe596558a9485b3f3e21d11e547f7d64862871366aea55f646a,PDF,ok,
paper:2022:D:D22104760020,2022,D,2022-D,D22104760020,excellent_paper,papers/excellent_papers/2022年优秀论文/D/D22104760020.pdf,pdf,2168810,e69dbf4920acd3a5acf085c3bec666c912ca80de3354034428139fd601c022fd,PDF,ok,
paper:2022:D:D22106990096,2022,D,2022-D,D22106990096,excellent_paper,papers/excellent_papers/2022年优秀论文/D/D22106990096.pdf,pdf,2667361,df2e78d06070723a3db87044bd797c75554e2575b19622acc6a97be312b15d2c,PDF,ok,
paper:2022:D:D22900310001,2022,D,2022-D,D22900310001,excellent_paper,papers/excellent_papers/2022年优秀论文/D/D22900310001.pdf,pdf,4155466,d2dcf699065312cdc2800192b2c04113327f1edde340aaf91e16e566929cfb26,PDF,ok,
paper:2022:D:D22910040028,2022,D,2022-D,D22910040028,excellent_paper,papers/excellent_papers/2022年优秀论文/D/D22910040028.pdf,pdf,1123171,7751354cf5ca70ae0677af0acb616e981ffbc832b6796fc5cac2ac1834363dee,PDF,ok,
paper:2022:E:E22100160013,2022,E,2022-E,E22100160013,excellent_paper,papers/excellent_papers/2022年优秀论文/E/E22100160013.pdf,pdf,2206321,ea0ba69ea7db84dfa92d7aebab66a4d76aafb61ea2aa1734116cab5d2a2114eb,PDF,ok,
paper:2022:E:E22103040108,2022,E,2022-E,E22103040108,excellent_paper,papers/excellent_papers/2022年优秀论文/E/E22103040108.pdf,pdf,5354013,84521bb3d18a2466df197a4907611024a14a59ca642c2beced3af45dd476145f,PDF,ok,
paper:2022:E:E22103350038,2022,E,2022-E,E22103350038,excellent_paper,papers/excellent_papers/2022年优秀论文/E/E22103350038.pdf,pdf,11935564,5c26affd748a07994f8922be235412906b5b338fddbd12576f5f76801aa0422d,PDF,ok,
paper:2022:E:E22104860014,2022,E,2022-E,E22104860014,excellent_paper,papers/excellent_papers/2022年优秀论文/E/E22104860014.pdf,pdf,10165824,3fe8db58775d13e7ec3c911330eaf4abf04613be289b70152ab698ad875f097c,PDF,ok,
paper:2022:E:E22104870114,2022,E,2022-E,E22104870114,excellent_paper,papers/excellent_papers/2022年优秀论文/E/E22104870114.pdf,pdf,2979204,4047c1a98e1a00243d7da769bc2559652c66ac885781b16ec35ec3ab33c9ab8d,PDF,ok,
paper:2022:E:E22106110005,2022,E,2022-E,E22106110005,excellent_paper,papers/excellent_papers/2022年优秀论文/E/E22106110005.pdf,pdf,2701398,c5d89a8d89358c8ce04f55b74943d994d6b5b606e562b5e55e8e69e5a3e765e7,PDF,ok,
paper:2022:E:E22107100039,2022,E,2022-E,E22107100039,excellent_paper,papers/excellent_papers/2022年优秀论文/E/E22107100039.pdf,pdf,3863049,6e3f56650ebc09a007fbd3917b0f82ddae5251842d511ac28a181aa1e4120ff6,PDF,ok,
paper:2023:C:C23102540029,2023,C,2023-C,C23102540029,excellent_paper,papers/excellent_papers/2023年优秀论文/C/C23102540029.pdf,pdf,3617240,feb372a7fb5a8688de384182401fe0f642da7763f50f74e7ee0a1a22b7641230,PDF,ok,
paper:2023:C:C23102890004,2023,C,2023-C,C23102890004,excellent_paper,papers/excellent_papers/2023年优秀论文/C/C23102890004.pdf,pdf,2029504,673a7f1386a6bcf5b57cdfbea26340d48d6c007d8d59c665ce3db9c88dbbc930,PDF,ok,
paper:2023:C:C23102980125,2023,C,2023-C,C23102980125,excellent_paper,papers/excellent_papers/2023年优秀论文/C/C23102980125.pdf,pdf,3315112,efe4b18e0137bc26cff4923090298201e2c6167a69d18d7b5de59ecfa0450c96,PDF,ok,
paper:2023:C:C23103360083,2023,C,2023-C,C23103360083,excellent_paper,papers/excellent_papers/2023年优秀论文/C/C23103360083.pdf,pdf,2351666,bc314e5321d42149caeb75ebd83cf6eb87915aa9542274a4f85d2ede4244c6ce,PDF,ok,
paper:2023:C:C23103510013,2023,C,2023-C,C23103510013,excellent_paper,papers/excellent_papers/2023年优秀论文/C/C23103510013.pdf,pdf,4070071,b1676f55c0cc281147aa0f6a983a77b410a8c841e5fcb9710fb8e5b663ff1050,PDF,ok,
paper:2023:C:C23104080013,2023,C,2023-C,C23104080013,excellent_paper,papers/excellent_papers/2023年优秀论文/C/C23104080013.pdf,pdf,4230286,6fbdbaff47ee945d88648fe8142239ad53bb18d94114de1158745ca3ea0d45f4,PDF,ok,
paper:2023:C:C23106130016,2023,C,2023-C,C23106130016,excellent_paper,papers/excellent_papers/2023年优秀论文/C/C23106130016.pdf,pdf,4993713,49b9b98f4a84aa5278363ad6d8e8cab1c0b0781e35a13d629e76f3fbe7fe3731,PDF,ok,
paper:2023:C:C23106570312,2023,C,2023-C,C23106570312,excellent_paper,papers/excellent_papers/2023年优秀论文/C/C23106570312.pdf,pdf,12405401,cef9478761aa1f7206f009a47fa96ca490f0780792f68d9a6a25f3ca1a752a09,PDF,ok,
paper:2023:C:C23107120024,2023,C,2023-C,C23107120024,excellent_paper,papers/excellent_papers/2023年优秀论文/C/C23107120024.pdf,pdf,6950584,1907bb2e271a72c879baac5c28f26dab75737893cdaaa96423801cef7278c5d8,PDF,ok,
paper:2023:C:C23910020010,2023,C,2023-C,C23910020010,excellent_paper,papers/excellent_papers/2023年优秀论文/C/C23910020010.pdf,pdf,3194081,8a00ec073b286676f359adc89ffb4095134b96d56ac7571525d66505b875aed2,PDF,ok,
paper:2023:D:D23100060041,2023,D,2023-D,D23100060041,excellent_paper,papers/excellent_papers/2023年优秀论文/D/D23100060041.pdf,pdf,6202937,b4e6c7b24c303140b0913928cf352162a050f41c693ec31c014ac1e4cd278ccf,PDF,ok,
paper:2023:D:D23102690008,2023,D,2023-D,D23102690008,excellent_paper,papers/excellent_papers/2023年优秀论文/D/D23102690008.pdf,pdf,3984495,062fc33a37d6403de410f195362cb031bb301f82875d2b87d64703b6a09c01cc,PDF,ok,
paper:2023:D:D23102860126,2023,D,2023-D,D23102860126,excellent_paper,papers/excellent_papers/2023年优秀论文/D/D23102860126.pdf,pdf,5612899,b8a48b1b4ddbec753e50e75374809412193b7c1a8701a98651b32b911d72da7b,PDF,ok,
paper:2023:D:D23103560099,2023,D,2023-D,D23103560099,excellent_paper,papers/excellent_papers/2023年优秀论文/D/D23103560099.pdf,pdf,5640462,bf89ccf0a9929033797fb29d684cf4e300bf6bd72aa9f95a486c03cca77cff1b,PDF,ok,
paper:2023:D:D23104860011,2023,D,2023-D,D23104860011,excellent_paper,papers/excellent_papers/2023年优秀论文/D/D23104860011.pdf,pdf,5798021,23de320a89c922c15f41d98677829b80956a7954d60bd1b8542879b95e52ab41,PDF,ok,
paper:2023:D:D23105330094,2023,D,2023-D,D23105330094,excellent_paper,papers/excellent_papers/2023年优秀论文/D/D23105330094.pdf,pdf,7015611,5fbfff1d5b3ca312ac49979fbcbaae9b62ab8b1c056745bca9122e253058205f,PDF,ok,
paper:2023:D:D23106350004,2023,D,2023-D,D23106350004,excellent_paper,papers/excellent_papers/2023年优秀论文/D/D23106350004.pdf,pdf,4705960,76e7c8072e5dc92f09c0aeb044ab9f11f3ed2241589713de6dc45beac0548d70,PDF,ok,
paper:2023:D:D23106740070,2023,D,2023-D,D23106740070,excellent_paper,papers/excellent_papers/2023年优秀论文/D/D23106740070.pdf,pdf,6432302,1bee7e22964baec7bdaf623809174864400325e5f9ca5c0d55d9051a3b960e16,PDF,ok,
paper:2023:D:D23116460172,2023,D,2023-D,D23116460172,excellent_paper,papers/excellent_papers/2023年优秀论文/D/D23116460172.pdf,pdf,2443732,b3d9ea23d3495984e4a27eae3aa75a1515113cab448a07d520b4d408e19ec1e1,PDF,ok,
paper:2023:E:E23100650012,2023,E,2023-E,E23100650012,excellent_paper,papers/excellent_papers/2023年优秀论文/E/E23100650012.pdf,pdf,5767144,8d1abbc798cc27e01322cb36adfe87c716f9425ad3b07d97c822a0c756fc41f3,PDF,ok,
paper:2023:E:E23102550019,2023,E,2023-E,E23102550019,excellent_paper,papers/excellent_papers/2023年优秀论文/E/E23102550019.pdf,pdf,10360788,7111ae76a0a000ae0667979809bb38eef9ce74f9a05dfbdfaae39cb50889d563,PDF,ok,
paper:2023:E:E23103530067,2023,E,2023-E,E23103530067,excellent_paper,papers/excellent_papers/2023年优秀论文/E/E23103530067.pdf,pdf,7149082,832ce085bf76e77e99333a3d0d1e291ea4d434340c819d6286471a5cabb94311,PDF,ok,
paper:2023:E:E23103570015,2023,E,2023-E,E23103570015,excellent_paper,papers/excellent_papers/2023年优秀论文/E/E23103570015.pdf,pdf,8126344,99a2b9a48592421914ec0a8f81e08bd96c8d4c1dab887b19df9efef2c260e718,PDF,ok,
paper:2023:E:E23104030073,2023,E,2023-E,E23104030073,excellent_paper,papers/excellent_papers/2023年优秀论文/E/E23104030073.pdf,pdf,4828844,66de2190ed124bc167b6f408ffd5e8be3202754d32a11784bbc049ccc60f2cfe,PDF,ok,
paper:2023:E:E23105330424,2023,E,2023-E,E23105330424,excellent_paper,papers/excellent_papers/2023年优秀论文/E/E23105330424.pdf,pdf,4613624,f9cacb683377d24ebc45ff1d0ab853156fe6c787c0406d7275202b91e4f6505a,PDF,ok,
paper:2023:E:E23106730076,2023,E,2023-E,E23106730076,excellent_paper,papers/excellent_papers/2023年优秀论文/E/E23106730076.pdf,pdf,6337896,e4aa59bc348d6f5024845eac75be973e12ab911e8566198f8a405bf2896fcc15,PDF,ok,
paper:2023:E:E23106980022,2023,E,2023-E,E23106980022,excellent_paper,papers/excellent_papers/2023年优秀论文/E/E23106980022.pdf,pdf,5902938,99b5b15c57778b8b82b5763759c0ba25adcbc232af0487c8e83e4b0e9498df71,PDF,ok,
paper:2023:E:E23107030070,2023,E,2023-E,E23107030070,excellent_paper,papers/excellent_papers/2023年优秀论文/E/E23107030070.pdf,pdf,4523029,d99c0cb9b31c99f936581611e05b388bd686a629c56343ec3ed8a3f3317918ee,PDF,ok,
paper:2023:E:E23900310014,2023,E,2023-E,E23900310014,excellent_paper,papers/excellent_papers/2023年优秀论文/E/E23900310014.pdf,pdf,3736296,0914108a57671c543943fbf922a5b49908fe24673790609a1012e1165f83e2b5,PDF,ok,
paper:2024:C:C24102890089,2024,C,2024-C,C24102890089,excellent_paper,papers/excellent_papers/2024年优秀论文/C/C24102890089.pdf,pdf,7576608,81f2b821a8f442cd0c94f067edd27c570e2d63ddbbcae3a7d92f1f573e410b48,PDF,ok,
paper:2024:C:C24103860012,2024,C,2024-C,C24103860012,excellent_paper,papers/excellent_papers/2024年优秀论文/C/C24103860012.pdf,pdf,5362289,20aa9ecb0164fd4e11130590da00f8e0a22a1147dc43b1b85ba9aa4f951a56d3,PDF,ok,
paper:2024:C:C24104220149,2024,C,2024-C,C24104220149,excellent_paper,papers/excellent_papers/2024年优秀论文/C/C24104220149.pdf,pdf,3123287,382bde4b71f57eae705347767120aa58b2d993ae090d71cdf246d0e13d6bf871,PDF,ok,
paper:2024:C:C24106130096,2024,C,2024-C,C24106130096,excellent_paper,papers/excellent_papers/2024年优秀论文/C/C24106130096.pdf,pdf,7797202,2a817dbee1c712b58c164164eea329cec49d8c3f4233792b20d484e9ffd81626,PDF,ok,
paper:2024:D:D24103850092,2024,D,2024-D,D24103850092,excellent_paper,papers/excellent_papers/2024年优秀论文/D/D24103850092.pdf,pdf,11677848,a8c55b50f7be97971dc0b5844952dcbdc6929c07f52f841c0d0add83bec7628d,PDF,ok,
paper:2024:D:D24104250063,2024,D,2024-D,D24104250063,excellent_paper,papers/excellent_papers/2024年优秀论文/D/D24104250063.pdf,pdf,5153839,6cb012383042874734f66f47f9287ae099adc7f81f9b89fa8f7657c747938020,PDF,ok,
paper:2024:D:D24104460003,2024,D,2024-D,D24104460003,excellent_paper,papers/excellent_papers/2024年优秀论文/D/D24104460003.pdf,pdf,16813103,01a6fe09f175de99159d78bdf8aa5997bc4564d85ae7f931f5715df5f2603db4,PDF,ok,
paper:2024:D:D24106570027,2024,D,2024-D,D24106570027,excellent_paper,papers/excellent_papers/2024年优秀论文/D/D24106570027.pdf,pdf,19542685,7d86005f5321da9836ebb158952d8ad3eb65c9a1e73b7f6d4fe6c1d7fb9e67af,PDF,ok,
paper:2024:E:E24101480006,2024,E,2024-E,E24101480006,excellent_paper,papers/excellent_papers/2024年优秀论文/E/E24101480006.pdf,pdf,27317024,84047e2dd922687d05f1ff326408c32dda51bc95ca1d1cd568ca8eac409ab9e4,PDF,ok,
paper:2024:E:E24102870008,2024,E,2024-E,E24102870008,excellent_paper,papers/excellent_papers/2024年优秀论文/E/E24102870008.pdf,pdf,20478222,2e6f5daacb7ce9f16e11239545f4b2b3d7bdee97ebc0b28ff32d5a5db9d20e25,PDF,ok,
paper:2024:E:E24102910005,2024,E,2024-E,E24102910005,excellent_paper,papers/excellent_papers/2024年优秀论文/E/E24102910005.pdf,pdf,5619324,7420d18869b74b8f8a5d036e57ac0fa7b3a94fc54313e1729bbd97e578cfe2cd,PDF,ok,
paper:2024:E:E24106980067,2024,E,2024-E,E24106980067,excellent_paper,papers/excellent_papers/2024年优秀论文/E/E24106980067.pdf,pdf,6053955,bedf322a5d2d3b75099112c0b670905eead989e7cc23905e7696dacaf432aafb,PDF,ok,
